Workbook

Sheet Dataset
A1: Component Number | B1: Supplier Name | C1: Delivery Timeline (Days) | D1: Raw Material Cost ($) | E1: Risk Level | F1: Mitigation Plan | G1: Supply Chain Expected Date | H1: Defect Rate (%) | I1: Production Usage Rate (Units/Day) | J1: Supplier Reliability (%) | K1: Inventory Level (Units) | L1: Reorder Point (Units) | M1: Lead Time Variance (Days) | N1: Expedite Shipping Cost ($) | O1: Order Size (Units) | P1: On-Time Delivery Rate (%) | Q1: Backorder Volume (Units) | R1: Quality Inspection Pass Rate (%) | S1: Forecast Accuracy (%) | T1: Safety Stock (Units)
A2: BIND567 | B2: EcoSupply | C2: 64 | D2: 1309 | E2: Medium | F2: Negotiate Terms | G2: 2024-12-15 | H2: 2.91 | I2: 1496 | J2: 99 | K2: 25500 | L2: 580 | M2: 26 | N2: 1100 | O2: 2698 | P2: 99 | Q2: 453 | R2: 95 | S2: 98 | T2: 398
A3: CARB123 | B3: RawMatPlus | C3: 62 | D3: 1112 | E3: Medium | F3: Review Contract | G3: 2024-12-15 | H3: 4.41 | I3: 1277 | J3: 97 | K3: 16530 | L3: 1214 | M3: 24 | N3: 1196 | O3: 1569 | P3: 84 | Q3: 110 | R3: 95 | S3: 83 | T3: 347
A4: CARB123 | B4: RawMatPlus | C4: 10 | D4: 1108 | E4: High | F4: Expedite Shipping | G4: 2024-07-21 | H4: 2.56 | I4: 771 | J4: 87 | K4: 20100 | L4: 1262 | M4: 8 | N4: 1603 | O4: 1538 | P4: 98 | Q4: 219 | R4: 99 | S4: 92 | T4: 485
A5: CARB123 | B5: RawMatPlus | C5: 12 | D5: 1046 | E5: Low | F5: Negotiate Terms | G5: 2024-03-21 | H5: 1.22 | I5: 1196 | J5: 91 | K5: 34420 | L5: 565 | M5: 6 | N5: 1281 | O5: 2220 | P5: 94 | Q5: 270 | R5: 94 | S5: 97 | T5: 740
A6: CARB123 | B6: RawMatPlus | C6: 9 | D6: 1393 | E6: High | F6: Increase Inventory | G6: 2024-02-10 | H6: 2.46 | I6: 964 | J6: 85 | K6: 49060 | L6: 1239 | M6: 4 | N6: 1525 | O6: 2560 | P6: 85 | Q6: 259 | R6: 91 | S6: 89 | T6: 730
A7: COAT890 | B7: GlobalChem | C7: 60 | D7: 1125 | E7: Low | F7: Source Alternative | G7: 2024-12-04 | H7: 3.55 | I7: 1413 | J7: 93 | K7: 13560 | L7: 1104 | M7: 22 | N7: 565 | O7: 1061 | P7: 82 | Q7: 111 | R7: 93 | S7: 96 | T7: 608
A8: COAT890 | B8: GlobalChem | C8: 15 | D8: 1116 | E8: Medium | F8: Negotiate Terms | G8: 2024-04-28 | H8: 0.95 | I8: 784 | J8: 92 | K8: 36030 | L8: 1354 | M8: 5 | N8: 833 | O8: 1758 | P8: 91 | Q8: 107 | R8: 94 | S8: 82 | T8: 611
A9: COAT890 | B9: RawMatPlus | C9: 8 | D9: 1083 | E9: Medium | F9: Expedite Shipping | G9: 2024-05-21 | H9: 3.6 | I9: 724 | J9: 95 | K9: 23280 | L9: 1363 | M9: 0 | N9: 969 | O9: 2683 | P9: 81 | Q9: 412 | R9: 95 | S9: 92 | T9: 437
A10: COAT890 | B10: NextGen Pharma | C10: 10 | D10: 1390 | E10: Low | F10: Review Contract | G10: 2024-09-01 | H10: 3.2 | I10: 1000 | J10: 85 | K10: 14580 | L10: 1451 | M10: 5 | N10: 1129 | O10: 1490 | P10: 81 | Q10: 123 | R10: 99 | S10: 82 | T10: 343
A11: COAT890 | B11: GlobalChem | C11: 13 | D11: 1392 | E11: Low | F11: Source Alternative | G11: 2024-11-16 | H11: 4.76 | I11: 669 | J11: 89 | K11: 31610 | L11: 1393 | M11: 9 | N11: 1366 | O11: 2975 | P11: 86 | Q11: 475 | R11: 98 | S11: 86 | T11: 665
A12: COMP010 | B12: PrimeLogistics | C12: 15 | D12: 1332 | E12: Medium | F12: Expedite Shipping | G12: 2024-09-15 | H12: 1.04 | I12: 730 | J12: 86 | K12: 23840 | L12: 521 | M12: 9 | N12: 1634 | O12: 1471 | P12: 98 | Q12: 112 | R12: 90 | S12: 82 | T12: 662
A13: COMP011 | B13: NextGen Pharma | C13: 6 | D13: 1463 | E13: Low | F13: Increase Inventory | G13: 2024-02-17 | H13: 1.57 | I13: 1185 | J13: 92 | K13: 18770 | L13: 1052 | M13: 2 | N13: 1981 | O13: 2915 | P13: 98 | Q13: 295 | R13: 97 | S13: 87 | T13: 701
... A51: COMP049 | B51: NextGen Pharma | C51: 9 | D51: 1304 | E51: High | F51: Review Contract | G51: 2024-05-15 | H51: 1.06 | I51: 1205 | J51: 89 | K51: 38660 | L51: 912 | M51: 4 | N51: 1524 | O51: 2105 | P51: 95 | Q51: 224 | R51: 91 | S51: 99 | T51: 320

Sheet Analysis
A1: SUPPLY CHAIN PERFORMANCE ANALYSIS
A2: Delivery risk, delayed-component performance, and supplier scorecard | 50 source records
A4: KEY FINDINGS
A5: ="1. "&INDEX($A$12:$A$14,MATCH(MAX($B$12:$B$14),$B$12:$B$14,0))&" risk has the longest average delivery timeline at "&ROUND(MAX($B$12:$B$14),1)&" days." -> 1. Medium risk has the longest average delivery timeline at 15,1 days.
A6: ="2. Among delayed components, "&INDEX($E$12:$E$14,MATCH(MIN($I$12:$I$14),$I$12:$I$14,0))&" has the lowest average on-time delivery rate at "&ROUND(MIN($I$12:$I$14),1)&"%." -> 2. Among delayed components, COAT890 has the lowest average on-time delivery rate at 84,2%.
A7: ="3. "&INDEX($A$19:$A$23,MATCH(MAX($D$19:$D$23),$D$19:$D$23,0))&" leads suppliers on average on-time delivery at "&ROUND(MAX($D$19:$D$23),1)&"%." -> 3. NextGen Pharma leads suppliers on average on-time delivery at 91,5%.
A8: ="4. "&INDEX($A$19:$A$23,MATCH(MAX($F$19:$F$23),$F$19:$F$23,0))&" has the highest average defect rate at "&ROUND(MAX($F$19:$F$23),2)&"%, indicating the clearest quality watchpoint." -> 4. PrimeLogistics has the highest average defect rate at 2,89%, indicating the clearest quality watchpoint.
A10: DELIVERY & RISK OVERVIEW
A11: Risk Level | B11: Avg Delivery (Days) | C11: Records | E11: Delayed Component | F11: Supplier(s) | G11: Records | H11: Avg Delivery (Days) | I11: Avg On-Time Rate
A12: Medium | B12: =AVERAGEIF(Dataset!$E$2:$E$51,A12,Dataset!$C$2:$C$51) -> 15.125 | C12: =COUNTIF(Dataset!$E$2:$E$51,A12) -> 24 | E12: CARB123 | F12: {=_xlfn.TEXTJOIN(", ",TRUE,_xlfn.UNIQUE(_xlfn._xlws.FILTER(Dataset!$B$2:$B$51,Dataset!$A$2:$A$51=E12)))} -> RawMatPlus | G12: =COUNTIF(Dataset!$A$2:$A$51,E12) -> 4 | H12: =AVERAGEIF(Dataset!$A$2:$A$51,E12,Dataset!$C$2:$C$51) -> 23.25 | I12: =AVERAGEIF(Dataset!$A$2:$A$51,E12,Dataset!$P$2:$P$51) -> 90.25
A13: High | B13: =AVERAGEIF(Dataset!$E$2:$E$51,A13,Dataset!$C$2:$C$51) -> 11.25 | C13: =COUNTIF(Dataset!$E$2:$E$51,A13) -> 12 | E13: BIND567 | F13: {=_xlfn.TEXTJOIN(", ",TRUE,_xlfn.UNIQUE(_xlfn._xlws.FILTER(Dataset!$B$2:$B$51,Dataset!$A$2:$A$51=E13)))} -> EcoSupply | G13: =COUNTIF(Dataset!$A$2:$A$51,E13) -> 1 | H13: =AVERAGEIF(Dataset!$A$2:$A$51,E13,Dataset!$C$2:$C$51) -> 64 | I13: =AVERAGEIF(Dataset!$A$2:$A$51,E13,Dataset!$P$2:$P$51) -> 99
A14: Low | B14: =AVERAGEIF(Dataset!$E$2:$E$51,A14,Dataset!$C$2:$C$51) -> 12.857143 | C14: =COUNTIF(Dataset!$E$2:$E$51,A14) -> 14 | E14: COAT890 | F14: {=_xlfn.TEXTJOIN(", ",TRUE,_xlfn.UNIQUE(_xlfn._xlws.FILTER(Dataset!$B$2:$B$51,Dataset!$A$2:$A$51=E14)))} -> GlobalChem, RawMatPlus, NextGen Pharma | G14: =COUNTIF(Dataset!$A$2:$A$51,E14) -> 5 | H14: =AVERAGEIF(Dataset!$A$2:$A$51,E14,Dataset!$C$2:$C$51) -> 21.2 | I14: =AVERAGEIF(Dataset!$A$2:$A$51,E14,Dataset!$P$2:$P$51) -> 84.2
A17: SUPPLIER PERFORMANCE SCORECARD
A18: Supplier | B18: Records | C18: Avg Delivery | D18: On-Time Rate | E18: Reliability | F18: Defect Rate | G18: Inspection Pass | H18: Avg Backorders | I18: Lead Variance
A19: EcoSupply | B19: =COUNTIF(Dataset!$B$2:$B$51,A19) -> 10 | C19: =AVERAGEIF(Dataset!$B$2:$B$51,A19,Dataset!$C$2:$C$51) -> 15 | D19: =AVERAGEIF(Dataset!$B$2:$B$51,A19,Dataset!$P$2:$P$51) -> 87.9 | E19: =AVERAGEIF(Dataset!$B$2:$B$51,A19,Dataset!$J$2:$J$51) -> 93.2 | F19: =AVERAGEIF(Dataset!$B$2:$B$51,A19,Dataset!$H$2:$H$51) -> 2.498 | G19: =AVERAGEIF(Dataset!$B$2:$B$51,A19,Dataset!$R$2:$R$51) -> 93.9 | H19: =AVERAGEIF(Dataset!$B$2:$B$51,A19,Dataset!$Q$2:$Q$51) -> 318.7 | I19: =AVERAGEIF(Dataset!$B$2:$B$51,A19,Dataset!$M$2:$M$51) -> 7.4
A20: RawMatPlus | B20: =COUNTIF(Dataset!$B$2:$B$51,A20) -> 13 | C20: =AVERAGEIF(Dataset!$B$2:$B$51,A20,Dataset!$C$2:$C$51) -> 14.230769 | D20: =AVERAGEIF(Dataset!$B$2:$B$51,A20,Dataset!$P$2:$P$51) -> 90.615385 | E20: =AVERAGEIF(Dataset!$B$2:$B$51,A20,Dataset!$J$2:$J$51) -> 92.846154 | F20: =AVERAGEIF(Dataset!$B$2:$B$51,A20,Dataset!$H$2:$H$51) -> 2.5961538 | G20: =AVERAGEIF(Dataset!$B$2:$B$51,A20,Dataset!$R$2:$R$51) -> 94.153846 | H20: =AVERAGEIF(Dataset!$B$2:$B$51,A20,Dataset!$Q$2:$Q$51) -> 241 | I20: =AVERAGEIF(Dataset!$B$2:$B$51,A20,Dataset!$M$2:$M$51) -> 6.7692308
A21: GlobalChem | B21: =COUNTIF(Dataset!$B$2:$B$51,A21) -> 9 | C21: =AVERAGEIF(Dataset!$B$2:$B$51,A21,Dataset!$C$2:$C$51) -> 16.444444 | D21: =AVERAGEIF(Dataset!$B$2:$B$51,A21,Dataset!$P$2:$P$51) -> 90.888889 | E21: =AVERAGEIF(Dataset!$B$2:$B$51,A21,Dataset!$J$2:$J$51) -> 92.555556 | F21: =AVERAGEIF(Dataset!$B$2:$B$51,A21,Dataset!$H$2:$H$51) -> 2.5677778 | G21: =AVERAGEIF(Dataset!$B$2:$B$51,A21,Dataset!$R$2:$R$51) -> 94.555556 | H21: =AVERAGEIF(Dataset!$B$2:$B$51,A21,Dataset!$Q$2:$Q$51) -> 271.22222 | I21: =AVERAGEIF(Dataset!$B$2:$B$51,A21,Dataset!$M$2:$M$51) -> 7.5555556
A22: NextGen Pharma | B22: =COUNTIF(Dataset!$B$2:$B$51,A22) -> 11 | C22: =AVERAGEIF(Dataset!$B$2:$B$51,A22,Dataset!$C$2:$C$51) -> 10.727273 | D22: =AVERAGEIF(Dataset!$B$2:$B$51,A22,Dataset!$P$2:$P$51) -> 91.545455 | E22: =AVERAGEIF(Dataset!$B$2:$B$51,A22,Dataset!$J$2:$J$51) -> 91.818182 | F22: =AVERAGEIF(Dataset!$B$2:$B$51,A22,Dataset!$H$2:$H$51) -> 2.2190909 | G22: =AVERAGEIF(Dataset!$B$2:$B$51,A22,Dataset!$R$2:$R$51) -> 93.727273 | H22: =AVERAGEIF(Dataset!$B$2:$B$51,A22,Dataset!$Q$2:$Q$51) -> 207.72727 | I22: =AVERAGEIF(Dataset!$B$2:$B$51,A22,Dataset!$M$2:$M$51) -> 4.9090909
A23: PrimeLogistics | B23: =COUNTIF(Dataset!$B$2:$B$51,A23) -> 7 | C23: =AVERAGEIF(Dataset!$B$2:$B$51,A23,Dataset!$C$2:$C$51) -> 11 | D23: =AVERAGEIF(Dataset!$B$2:$B$51,A23,Dataset!$P$2:$P$51) -> 88 | E23: =AVERAGEIF(Dataset!$B$2:$B$51,A23,Dataset!$J$2:$J$51) -> 91.428571 | F23: =AVERAGEIF(Dataset!$B$2:$B$51,A23,Dataset!$H$2:$H$51) -> 2.8885714 | G23: =AVERAGEIF(Dataset!$B$2:$B$51,A23,Dataset!$R$2:$R$51) -> 92.428571 | H23: =AVERAGEIF(Dataset!$B$2:$B$51,A23,Dataset!$Q$2:$Q$51) -> 312.28571 | I23: =AVERAGEIF(Dataset!$B$2:$B$51,A23,Dataset!$M$2:$M$51) -> 6.7142857
