Workbook

Sheet Cover
A1: Supply Chain Performance Workbook
A2: Navigation and scope for the 50-record component and supplier review
A5: WORKSHEET | B5: PURPOSE
A6: Supply Chain Summary | B6: Decision-ready risk, delayed-component, and supplier performance metrics.
A7: Dataset | B7: Source table containing all 50 component-supplier records and 20 fields.
A8: Analysis | B8: Existing narrative review of selected delayed components and mitigation actions.

Sheet Supply Chain Summary
A1: Supply Chain Performance Analysis
A2: Complete review of Dataset records: delivery risk, delayed components, and supplier performance
A4: Story in brief: Medium-risk records have the longest average delivery timeline at 15.1 days. Among the delayed components, COAT890 has the lowest observed on-time rate at 81.0%. EcoSupply has the lowest supplier-level average on-time rate at 87.9%, while RawMatPlus has the largest high-risk share at 30.8%.
A9: DELIVERY TIMELINE BY RISK LEVEL
A10: Risk Level | B10: Avg Delivery Timeline (Days) | C10: Records
A11: High | B11: =AVERAGEIF(Dataset!$E$2:$E$51,A11,Dataset!$C$2:$C$51) -> 11.25 | C11: =COUNTIF(Dataset!$E$2:$E$51,A11) -> 12
A12: Low | B12: =AVERAGEIF(Dataset!$E$2:$E$51,A12,Dataset!$C$2:$C$51) -> 12.857143 | C12: =COUNTIF(Dataset!$E$2:$E$51,A12) -> 14
A13: Medium | B13: =AVERAGEIF(Dataset!$E$2:$E$51,A13,Dataset!$C$2:$C$51) -> 15.125 | C13: =COUNTIF(Dataset!$E$2:$E$51,A13) -> 24
A16: DELAYED COMPONENT ON-TIME PERFORMANCE
A17: Component | B17: Avg On-Time Rate | C17: Records | D17: Minimum On-Time Rate
A18: CARB123 | B18: =AVERAGEIF(Dataset!$A$2:$A$51,A18,Dataset!$P$2:$P$51) -> 90.25 | C18: =COUNTIF(Dataset!$A$2:$A$51,A18) -> 4 | D18: =_xlfn.MINIFS(Dataset!$P$2:$P$51,Dataset!$A$2:$A$51,A18) -> 84
A19: BIND567 | B19: =AVERAGEIF(Dataset!$A$2:$A$51,A19,Dataset!$P$2:$P$51) -> 99 | C19: =COUNTIF(Dataset!$A$2:$A$51,A19) -> 1 | D19: =_xlfn.MINIFS(Dataset!$P$2:$P$51,Dataset!$A$2:$A$51,A19) -> 99
A20: COAT890 | B20: =AVERAGEIF(Dataset!$A$2:$A$51,A20,Dataset!$P$2:$P$51) -> 84.2 | C20: =COUNTIF(Dataset!$A$2:$A$51,A20) -> 5 | D20: =_xlfn.MINIFS(Dataset!$P$2:$P$51,Dataset!$A$2:$A$51,A20) -> 81
A23: SUPPLIER PERFORMANCE BREAKDOWN
A24: Supplier | B24: Avg On-Time Rate | C24: Avg Reliability | D24: Avg Defect Rate | E24: Avg Delivery Timeline | F24: Records | G24: High-Risk Share
A25: EcoSupply | B25: =AVERAGEIF(Dataset!$B$2:$B$51,A25,Dataset!$P$2:$P$51) -> 87.9 | C25: =AVERAGEIF(Dataset!$B$2:$B$51,A25,Dataset!$J$2:$J$51) -> 93.2 | D25: =AVERAGEIF(Dataset!$B$2:$B$51,A25,Dataset!$H$2:$H$51) -> 2.498 | E25: =AVERAGEIF(Dataset!$B$2:$B$51,A25,Dataset!$C$2:$C$51) -> 15 | F25: =COUNTIF(Dataset!$B$2:$B$51,A25) -> 10 | G25: =COUNTIFS(Dataset!$B$2:$B$51,A25,Dataset!$E$2:$E$51,"High")/COUNTIF(Dataset!$B$2:$B$51,A25) -> 0.3
A26: GlobalChem | B26: =AVERAGEIF(Dataset!$B$2:$B$51,A26,Dataset!$P$2:$P$51) -> 90.888889 | C26: =AVERAGEIF(Dataset!$B$2:$B$51,A26,Dataset!$J$2:$J$51) -> 92.555556 | D26: =AVERAGEIF(Dataset!$B$2:$B$51,A26,Dataset!$H$2:$H$51) -> 2.5677778 | E26: =AVERAGEIF(Dataset!$B$2:$B$51,A26,Dataset!$C$2:$C$51) -> 16.444444 | F26: =COUNTIF(Dataset!$B$2:$B$51,A26) -> 9 | G26: =COUNTIFS(Dataset!$B$2:$B$51,A26,Dataset!$E$2:$E$51,"High")/COUNTIF(Dataset!$B$2:$B$51,A26) -> 0
A27: NextGen Pharma | B27: =AVERAGEIF(Dataset!$B$2:$B$51,A27,Dataset!$P$2:$P$51) -> 91.545455 | C27: =AVERAGEIF(Dataset!$B$2:$B$51,A27,Dataset!$J$2:$J$51) -> 91.818182 | D27: =AVERAGEIF(Dataset!$B$2:$B$51,A27,Dataset!$H$2:$H$51) -> 2.2190909 | E27: =AVERAGEIF(Dataset!$B$2:$B$51,A27,Dataset!$C$2:$C$51) -> 10.727273 | F27: =COUNTIF(Dataset!$B$2:$B$51,A27) -> 11 | G27: =COUNTIFS(Dataset!$B$2:$B$51,A27,Dataset!$E$2:$E$51,"High")/COUNTIF(Dataset!$B$2:$B$51,A27) -> 0.27272727
A28: PrimeLogistics | B28: =AVERAGEIF(Dataset!$B$2:$B$51,A28,Dataset!$P$2:$P$51) -> 88 | C28: =AVERAGEIF(Dataset!$B$2:$B$51,A28,Dataset!$J$2:$J$51) -> 91.428571 | D28: =AVERAGEIF(Dataset!$B$2:$B$51,A28,Dataset!$H$2:$H$51) -> 2.8885714 | E28: =AVERAGEIF(Dataset!$B$2:$B$51,A28,Dataset!$C$2:$C$51) -> 11 | F28: =COUNTIF(Dataset!$B$2:$B$51,A28) -> 7 | G28: =COUNTIFS(Dataset!$B$2:$B$51,A28,Dataset!$E$2:$E$51,"High")/COUNTIF(Dataset!$B$2:$B$51,A28) -> 0.28571429
A29: RawMatPlus | B29: =AVERAGEIF(Dataset!$B$2:$B$51,A29,Dataset!$P$2:$P$51) -> 90.615385 | C29: =AVERAGEIF(Dataset!$B$2:$B$51,A29,Dataset!$J$2:$J$51) -> 92.846154 | D29: =AVERAGEIF(Dataset!$B$2:$B$51,A29,Dataset!$H$2:$H$51) -> 2.5961538 | E29: =AVERAGEIF(Dataset!$B$2:$B$51,A29,Dataset!$C$2:$C$51) -> 14.230769 | F29: =COUNTIF(Dataset!$B$2:$B$51,A29) -> 13 | G29: =COUNTIFS(Dataset!$B$2:$B$51,A29,Dataset!$E$2:$E$51,"High")/COUNTIF(Dataset!$B$2:$B$51,A29) -> 0.30769231
A30: Coverage Total | F30: =SUM(F25:F29) -> 50

Sheet Dataset
A1: Component Number | B1: Supplier Name | C1: Delivery Timeline (Days) | D1: Raw Material Cost ($) | E1: Risk Level | F1: Mitigation Plan | G1: Supply Chain Expected Date | H1: Defect Rate (%) | I1: Production Usage Rate (Units/Day) | J1: Supplier Reliability (%) | K1: Inventory Level (Units) | L1: Reorder Point (Units) | M1: Lead Time Variance (Days) | N1: Expedite Shipping Cost ($) | O1: Order Size (Units) | P1: On-Time Delivery Rate (%) | Q1: Backorder Volume (Units) | R1: Quality Inspection Pass Rate (%) | S1: Forecast Accuracy (%) | T1: Safety Stock (Units)
A2: BIND567 | B2: EcoSupply | C2: 64 | D2: 1309 | E2: Medium | F2: Negotiate Terms | G2: 2024-12-15 | H2: 2.91 | I2: 1496 | J2: 99 | K2: 25500 | L2: 580 | M2: 26 | N2: 1100 | O2: 2698 | P2: 99 | Q2: 453 | R2: 95 | S2: 98 | T2: 398
A3: CARB123 | B3: RawMatPlus | C3: 62 | D3: 1112 | E3: Medium | F3: Review Contract | G3: 2024-12-15 | H3: 4.41 | I3: 1277 | J3: 97 | K3: 16530 | L3: 1214 | M3: 24 | N3: 1196 | O3: 1569 | P3: 84 | Q3: 110 | R3: 95 | S3: 83 | T3: 347
A4: CARB123 | B4: RawMatPlus | C4: 10 | D4: 1108 | E4: High | F4: Expedite Shipping | G4: 2024-07-21 | H4: 2.56 | I4: 771 | J4: 87 | K4: 20100 | L4: 1262 | M4: 8 | N4: 1603 | O4: 1538 | P4: 98 | Q4: 219 | R4: 99 | S4: 92 | T4: 485
A5: CARB123 | B5: RawMatPlus | C5: 12 | D5: 1046 | E5: Low | F5: Negotiate Terms | G5: 2024-03-21 | H5: 1.22 | I5: 1196 | J5: 91 | K5: 34420 | L5: 565 | M5: 6 | N5: 1281 | O5: 2220 | P5: 94 | Q5: 270 | R5: 94 | S5: 97 | T5: 740
A6: CARB123 | B6: RawMatPlus | C6: 9 | D6: 1393 | E6: High | F6: Increase Inventory | G6: 2024-02-10 | H6: 2.46 | I6: 964 | J6: 85 | K6: 49060 | L6: 1239 | M6: 4 | N6: 1525 | O6: 2560 | P6: 85 | Q6: 259 | R6: 91 | S6: 89 | T6: 730
A7: COAT890 | B7: GlobalChem | C7: 60 | D7: 1125 | E7: Low | F7: Source Alternative | G7: 2024-12-04 | H7: 3.55 | I7: 1413 | J7: 93 | K7: 13560 | L7: 1104 | M7: 22 | N7: 565 | O7: 1061 | P7: 82 | Q7: 111 | R7: 93 | S7: 96 | T7: 608
A8: COAT890 | B8: GlobalChem | C8: 15 | D8: 1116 | E8: Medium | F8: Negotiate Terms | G8: 2024-04-28 | H8: 0.95 | I8: 784 | J8: 92 | K8: 36030 | L8: 1354 | M8: 5 | N8: 833 | O8: 1758 | P8: 91 | Q8: 107 | R8: 94 | S8: 82 | T8: 611
A9: COAT890 | B9: RawMatPlus | C9: 8 | D9: 1083 | E9: Medium | F9: Expedite Shipping | G9: 2024-05-21 | H9: 3.6 | I9: 724 | J9: 95 | K9: 23280 | L9: 1363 | M9: 0 | N9: 969 | O9: 2683 | P9: 81 | Q9: 412 | R9: 95 | S9: 92 | T9: 437
A10: COAT890 | B10: NextGen Pharma | C10: 10 | D10: 1390 | E10: Low | F10: Review Contract | G10: 2024-09-01 | H10: 3.2 | I10: 1000 | J10: 85 | K10: 14580 | L10: 1451 | M10: 5 | N10: 1129 | O10: 1490 | P10: 81 | Q10: 123 | R10: 99 | S10: 82 | T10: 343
A11: COAT890 | B11: GlobalChem | C11: 13 | D11: 1392 | E11: Low | F11: Source Alternative | G11: 2024-11-16 | H11: 4.76 | I11: 669 | J11: 89 | K11: 31610 | L11: 1393 | M11: 9 | N11: 1366 | O11: 2975 | P11: 86 | Q11: 475 | R11: 98 | S11: 86 | T11: 665
A12: COMP010 | B12: PrimeLogistics | C12: 15 | D12: 1332 | E12: Medium | F12: Expedite Shipping | G12: 2024-09-15 | H12: 1.04 | I12: 730 | J12: 86 | K12: 23840 | L12: 521 | M12: 9 | N12: 1634 | O12: 1471 | P12: 98 | Q12: 112 | R12: 90 | S12: 82 | T12: 662
A13: COMP011 | B13: NextGen Pharma | C13: 6 | D13: 1463 | E13: Low | F13: Increase Inventory | G13: 2024-02-17 | H13: 1.57 | I13: 1185 | J13: 92 | K13: 18770 | L13: 1052 | M13: 2 | N13: 1981 | O13: 2915 | P13: 98 | Q13: 295 | R13: 97 | S13: 87 | T13: 701
... A51: COMP049 | B51: NextGen Pharma | C51: 9 | D51: 1304 | E51: High | F51: Review Contract | G51: 2024-05-15 | H51: 1.06 | I51: 1205 | J51: 89 | K51: 38660 | L51: 912 | M51: 4 | N51: 1524 | O51: 2105 | P51: 95 | Q51: 224 | R51: 91 | S51: 99 | T51: 320

Sheet Analysis
A1: Component | B1: Supplier | C1: Supply Chain Receipt Date | D1: Risk Level | E1: Delivery Timeline | F1: Issue Summary | G1: Supplier Analysis | H1: Risk Factors | I1: Component Specific Changes
A2: BIND567 | B2: EcoSupply | C2: 45641 | D2: Medium | E2: 10 days | F2: The component has a confirmed delay, with receipt scheduled close to critical production deadlines. EcoSupply’s reliability and defect rates warrant further review, given the FDA’s emphasis on consistent supply for regulated products. | G2: EcoSupply’s delivery metrics reveal recurring delays for critical components. Supply chain receipt tracking shows an increasing trend of shipment delays over the past quarter. | H2: Medium risk with limited contingency plans. High reliance on EcoSupply’s consistency amplifies vulnerability. | I2: Negotiate expedited shipping terms with EcoSupply. Increase inventory buffer to mitigate future delays.
A3: COMP042 | B3: PrimeLogistics | C3: 45644 | D3: Medium | E3: 13 days | F3: PrimeLogistics has experienced lead time variances that pose additional risks for this component. A 13-day timeline exceeds typical thresholds and may necessitate expedited shipping, potentially increasing costs and reducing margin. | G3: PrimeLogistics’ lead time variance (up to 3 days) indicates weak demand forecasting. | H3: Medium risk with significant variability in supplier performance. | I3: Collaborate with PrimeLogistics on demand planning. Adjust order cycles to account for lead time variances.
A4: COMP043 | B4: NextGen Pharma | C4: 45645 | D4: Medium | E4: 8 days | F4: Delays from NextGen Pharma highlight systemic challenges, including forecasting inaccuracies and inventory mismanagement. These issues could disrupt production and hinder compliance with FDA regulations. | G4: NextGen Pharma faces challenges in aligning production schedules with customer demands. | H4: Medium risk with potential defects, highlighting a need for improved supplier communication. | I4: Engage NextGen Pharma to improve forecasting accuracy. Implement dynamic inventory replenishment models.
